"Estimate","Std. Error","t value","Pr(>|t|)"
"(Intercept)",-0.756416499021892,0.012134518793673,-62.3359287569188,0
"svl",0.0384654166448602,0.000314352118726687,122.364108123935,0
